businesstype,year,predicted_count,ci_lower,ci_upper
duplex *historic*,2025,18.326120597135507,5.018309556034253,33.86558946314114
duplex *historic*,2026,18.934892680888257,5.055908808684133,35.149220371017044
duplex *historic*,2027,19.543664764641004,5.075253650380621,36.4391354863235
duplex *historic*,2028,20.15243684839374,5.09459849207711,37.72907877885
duplex *historic*,2029,20.76120893214651,5.113943333773594,38.9969933984435
financial services *historic*,2025,52.77375665480156,29.47925122162546,76.27061001990161
financial services *historic*,2026,54.44057854580574,30.056577581056718,78.91526359541098
financial services *historic*,2027,56.10740043680996,30.534446194017157,81.80439794147752
financial services *historic*,2028,57.7742223278141,31.012314806977653,84.58853414607745
financial services *historic*,2029,59.441044218818305,31.490183419938038,87.37267035067697
ltd service food establishment *historic*,2025,21.45380345938344,5.251258318158184,45.194730201751
ltd service food establishment *historic*,2026,21.452103134043565,4.5988938371340975,46.28449008097005
ltd service food establishment *historic*,2027,21.450402808703664,3.3472416984088227,47.374249960189324
ltd service food establishment *historic*,2028,21.448702483363768,1.9599800955609799,48.492531556738534
ltd service food establishment *historic*,2029,21.4470021580239,0.37777942809195814,49.58060070312617
wholesale  dealer *historic*,2025,32.12482357961186,15.011032936662666,50.29983539710386
wholesale  dealer *historic*,2026,32.77376537425603,14.955825604475828,51.635653097023166
wholesale  dealer *historic*,2027,33.42270716890024,14.89782842580356,53.091421978811184
wholesale  dealer *historic*,2028,34.07164896354442,14.905498106002593,54.508369571679395
wholesale  dealer *historic*,2029,34.720590758188585,14.93132625924986,55.768644126668306
vending machines *historic*,2025,0.0,0.0,1.0
vending machines *historic*,2026,0.0,0.0,1.0
vending machines *historic*,2027,0.0,0.0,1.0
vending machines *historic*,2028,0.0,0.0,1.0
vending machines *historic*,2029,0.0,0.0,1.0
community association *historic*,2025,16.101643089057116,3.2262860260430153,28.60352617454122
community association *historic*,2026,16.561354857245348,3.1443870836319343,29.887059740574358
community association *historic*,2027,17.02106662543359,2.9359818956336596,31.15457234475297
community association *historic*,2028,17.480778393621815,2.683873934122048,32.33804094828583
community association *historic*,2029,17.940490161810057,2.3576067461396923,33.46970632567645
personal care home *historic*,2025,1.560714438176185,0.0,6.30042918454933
personal care home *historic*,2026,1.5308544946131752,0.0,6.459227467811161
personal care home *historic*,2027,1.500994551050164,0.0,6.618025751072935
personal care home *historic*,2028,1.4711346074871534,0.0,6.776824034334766
personal care home *historic*,2029,1.4412746639241463,0.0,6.93562231759654
retail dealer *historic*,2025,90.17694724523871,44.25218549848307,142.7629393711295
retail dealer *historic*,2026,92.17601049282807,42.83008688217457,146.48614870507376
retail dealer *historic*,2027,94.1750737404173,41.23029542179044,150.25723704190236
retail dealer *historic*,2028,96.17413698800651,40.47300917752737,154.02832537873184
retail dealer *historic*,2029,98.17320023559587,41.12432213091886,157.79941371556046
equipment operator *historic*,2025,1.8383121853050115,0.5986668155513997,4.582430109378751
equipment operator *historic*,2026,1.7692956303028817,0.4347773785010035,4.649445423709099
equipment operator *historic*,2027,1.700279075300754,0.2712461553928052,4.695650241235342
equipment operator *historic*,2028,1.631262520298625,0.09596748278668923,4.74185505876157
equipment operator *historic*,2029,1.5622459652964944,0.0,4.794638369760321
contractor *historic*,2025,76.7460739873003,23.003769285573338,159.54900947390632
contractor *historic*,2026,78.50701375449067,22.04666992510875,164.9410433017738
contractor *historic*,2027,80.26795352168118,21.052536594414132,170.33307712964123
contractor *historic*,2028,82.02889328887154,19.92682552949966,175.7506567406947
contractor *historic*,2029,83.78983305606197,18.801114464584945,181.19161470992032
exhibitions/shows/concerts *historic*,2025,9.335973058222661,3.375751618523454,15.307657082972632
exhibitions/shows/concerts *historic*,2026,9.606489091908,3.318558872515292,15.913240390126532
exhibitions/shows/concerts *historic*,2027,9.877005125593353,3.2785075651854574,16.520113167367345
exhibitions/shows/concerts *historic*,2028,10.147521159278677,3.2299162015389546,17.126985944608165
exhibitions/shows/concerts *historic*,2029,10.418037192964034,3.17279867321484,17.733858721849096
scavenging *historic*,2025,1.9955270515002408,0.0,4.302281603250682
scavenging *historic*,2026,1.9207880043287873,0.0,4.345009421784361
scavenging *historic*,2027,1.846048957157338,0.0,4.417623873873867
scavenging *historic*,2028,1.7713099099858853,0.0,4.491947732856829
scavenging *historic*,2029,1.696570862814436,0.0,4.566271591839778
moving/transfer service *historic*,2025,3.4366153232115506,1.223106345696968,5.842290765861244
moving/transfer service *historic*,2026,3.4062478651172516,1.0431518080697089,5.857137639068912
moving/transfer service *historic*,2027,3.37588040702295,0.8396041629093859,5.886564390963236
moving/transfer service *historic*,2028,3.3455129489286484,0.6430613161871392,5.9048921544906525
moving/transfer service *historic*,2029,3.315145490834349,0.4465184694648628,5.93632393516599
seamstress/tailor *historic*,2025,1.3369067557678043,0.41035856356005096,2.417625090426812
seamstress/tailor *historic*,2026,1.3102580494544358,0.27565533337339476,2.4471591411462033
seamstress/tailor *historic*,2027,1.2836093431410651,0.16083719435127297,2.5047122856223116
seamstress/tailor *historic*,2028,1.256960636827695,0.04980347522898898,2.5477992976220167
seamstress/tailor *historic*,2029,1.2303119305143277,0.0,2.5708703213056827
auto parking lot/parkade *historic*,2025,1.5762271828829542,0.0,4.5273198147673295
auto parking lot/parkade *historic*,2026,1.438826961253264,0.0,4.540273282271494
auto parking lot/parkade *historic*,2027,1.3014267396235737,0.0,4.553226749775656
auto parking lot/parkade *historic*,2028,1.1640265179938845,0.0,4.566180217279821
auto parking lot/parkade *historic*,2029,1.0266262963641977,0.0,4.579133684783994
auctioneer *historic*,2025,1.0,1.0,1.0
auctioneer *historic*,2026,1.0,1.0,1.0
auctioneer *historic*,2027,1.0,1.0,1.0
auctioneer *historic*,2028,1.0,1.0,1.0
auctioneer *historic*,2029,1.0,1.0,1.0
carpet/upholstery cleaner *historic*,2025,1.7346397368975226,0.8249301896664984,4.238760835303389
carpet/upholstery cleaner *historic*,2026,1.740669677218592,0.7627178996923413,4.352974783293924
carpet/upholstery cleaner *historic*,2027,1.7466996175396619,0.7084975306251969,4.467188731284471
carpet/upholstery cleaner *historic*,2028,1.7527295578607323,0.6546770453941744,4.581402679275019
carpet/upholstery cleaner *historic*,2029,1.7587594981818,0.5950044603033007,4.695616627265567
electrical-security alarm installation *historic*,2025,5.565467279769777,2.987103703777966,10.222903332741158
electrical-security alarm installation *historic*,2026,5.592412325653806,2.922905586516481,10.472398699416955
electrical-security alarm installation *historic*,2027,5.619357371537821,2.7653940460686357,10.721894066092725
electrical-security alarm installation *historic*,2028,5.646302417421859,2.6573588251259297,10.971389432768436
electrical-security alarm installation *historic*,2029,5.673247463305878,2.5705396544222863,11.220884799444207
contractor - special trades *historic*,2025,27.475628645404075,8.669609653787766,49.15565763980481
contractor - special trades *historic*,2026,27.778096909143333,7.998888279819677,50.66802162446934
contractor - special trades *historic*,2027,28.080565172882498,7.4800623703388185,52.174268406866545
contractor - special trades *historic*,2028,28.383033436621712,6.881650790897667,53.60115700195805
contractor - special trades *historic*,2029,28.685501700360916,6.198465571666358,55.07545506351601
sheet metal works *historic*,2025,1.0,1.0,1.0
sheet metal works *historic*,2026,1.0,1.0,1.0
sheet metal works *historic*,2027,1.0,1.0,1.0
sheet metal works *historic*,2028,1.0,1.0,1.0
sheet metal works *historic*,2029,1.0,1.0,1.0
roofer *historic*,2025,1.3864490858041518,0.0,4.249733193608013
roofer *historic*,2026,1.312870706748859,0.0,4.30308845135671
roofer *historic*,2027,1.2392923276935675,0.0,4.349061019192579
roofer *historic*,2028,1.1657139486382762,0.0,4.395033587028452
roofer *historic*,2029,1.0921355695829842,0.0,4.441006154864321
dry cleaner *historic*,2025,3.4851249827181205,1.8396227744492089,5.606265569756774
dry cleaner *historic*,2026,3.5357219162750453,1.7951655947364487,5.779238398123479
dry cleaner *historic*,2027,3.586318849831972,1.7555327000320293,5.952211226490154
dry cleaner *historic*,2028,3.636915783388902,1.7642153150672362,6.1251840548568595
dry cleaner *historic*,2029,3.687512716945833,1.7599104048833794,6.298156883223592
electrical contractor *historic*,2025,24.424016848394032,2.873322415310249,46.67348428093862
electrical contractor *historic*,2026,24.01688074455072,1.1018672455799692,47.255648478655566
electrical contractor *historic*,2027,23.609744640707433,0.0,47.624392800381706
electrical contractor *historic*,2028,23.202608536864137,0.0,47.993137122107875
electrical contractor *historic*,2029,22.79547243302085,0.0,48.37590519131957
health and beauty *historic*,2025,33.61845037385667,3.9009176894490794,66.37000591524266
health and beauty *historic*,2026,34.252873063354606,0.0,69.25858753339989
health and beauty *historic*,2027,34.88729575285254,0.0,72.22098454379173
health and beauty *historic*,2028,35.52171844235043,0.0,75.15542050551461
health and beauty *historic*,2029,36.15614113184837,0.0,77.90021762861177
single detached house *historic*,2025,87.35184710004464,39.14499171553213,170.38645584081394
single detached house *historic*,2026,90.47145164567618,40.122000307752415,176.78224385554623
single detached house *historic*,2027,93.59105619130763,41.052752698070094,183.2046706783073
single detached house *historic*,2028,96.7106607369391,41.80947765510211,190.01143015957598
single detached house *historic*,2029,99.83026528257066,42.55655677780781,196.9474484264299
hairdressing salon *historic*,2025,3.7525166013047166,0.0,138.3667452830184
hairdressing salon *historic*,2026,3.096175250903678,0.0,143.19745283018855
hairdressing salon *historic*,2027,2.4398339005026406,0.0,148.02816037735866
hairdressing salon *historic*,2028,1.7834925501016314,0.0,152.85886792452789
hairdressing salon *historic*,2029,1.1271511997006347,0.0,157.6895754716971
instruction *historic*,2025,19.53635587542355,9.987511291191149,24.282730229283327
instruction *historic*,2026,20.254706945353007,10.29164720773521,25.156573651583376
instruction *historic*,2027,20.973058015282533,10.59578312427927,26.05299740700926
instruction *historic*,2028,21.691409085212076,10.899919040823386,26.95714045257023
instruction *historic*,2029,22.409760155141576,11.204054957367447,27.874923306598514
janitorial services *historic*,2025,8.846313316283236,3.5879875359144444,13.182730065788942
janitorial services *historic*,2026,8.966890191187023,3.4364247548838236,13.518171924605108
janitorial services *historic*,2027,9.087467066090815,3.298703980884961,13.857921123510325
janitorial services *historic*,2028,9.208043940994601,3.1777736434672663,14.18495637954983
janitorial services *historic*,2029,9.328620815898395,3.0568433060495415,14.52769870191113
temporary filming company,2025,2.100190527130979,0.0,4.882459917514049
temporary filming company,2026,1.8658508887641927,0.0,4.83947915813937
temporary filming company,2027,1.6315112503974087,0.0,4.796498398764705
temporary filming company,2028,1.3971716120306223,0.0,4.753517639390034
temporary filming company,2029,1.1628319736638382,0.0,4.710536880015369
live-aboards *historic*,2025,6.495969036052648,0.0,8.174743861715413
live-aboards *historic*,2026,6.719982799954497,0.0,8.517930163273615
live-aboards *historic*,2027,6.943996563856342,0.0,8.843283582089498
live-aboards *historic*,2028,7.16801032775818,0.0,9.15542640416338
live-aboards *historic*,2029,7.392024091660023,0.0,9.510980616265241
plumber *historic*,2025,4.285794575033721,0.5261881231464571,10.620836493434192
plumber *historic*,2026,4.059804980244665,0.032431257020002144,10.683695405417582
plumber *historic*,2027,3.833815385455602,0.0,10.76306935724406
plumber *historic*,2028,3.607825790666543,0.0,10.842443309070529
plumber *historic*,2029,3.381836195877482,0.0,10.92181726089701
gas contractor *historic*,2025,4.871643568550398,1.6130739346832228,9.97315734607487
gas contractor *historic*,2026,4.712538634626055,1.1979503191876006,10.005109529218016
gas contractor *historic*,2027,4.553433700701707,0.7976391195765331,10.062611083911936
gas contractor *historic*,2028,4.394328766777357,0.38986507896521233,10.132693117248229
gas contractor *historic*,2029,4.235223832853011,0.0,10.202775150584536
plumber & gas contractor *historic*,2025,12.814631156421859,5.826530899917568,23.122631549579296
plumber & gas contractor *historic*,2026,12.935145344179125,5.607235572851564,23.724575823040094
plumber & gas contractor *historic*,2027,13.055659531936417,5.3770789964644115,24.29701862692538
plumber & gas contractor *historic*,2028,13.176173719693702,5.103516040998509,24.842950571741184
plumber & gas contractor *historic*,2029,13.296687907450979,4.757000133091694,25.413543346025733
auto dealer *historic*,2025,7.617060622139043,2.8904236946023985,12.427737009060083
auto dealer *historic*,2026,7.839156127585383,2.8505323868677954,12.912044381304783
auto dealer *historic*,2027,8.06125163303172,2.866253619318636,13.404550872332708
auto dealer *historic*,2028,8.283347138478064,2.8760908349701055,13.900155954099578
auto dealer *historic*,2029,8.505442643924404,2.8800870257383124,14.309639101208932
caterer,2025,4.868765199465909,1.8020144662393562,9.62456645917707
caterer,2026,5.110439752624717,1.8486930265058419,10.248242654085054
caterer,2027,5.352114305783525,1.8950519433252715,10.805503877703249
caterer,2028,5.593788858942333,1.9374520617542976,11.330560792024247
caterer,2029,5.835463412101128,1.9806141490448241,11.880539708575593
landscape gardener *historic*,2025,4.187926652674395,1.1404558852091158,9.410213926462905
landscape gardener *historic*,2026,3.9443304948576317,0.6427854501790222,9.444706536484277
landscape gardener *historic*,2027,3.7007343370408687,0.06619716942293516,9.47919914650565
landscape gardener *historic*,2028,3.457138179224108,0.0,9.513691756527022
landscape gardener *historic*,2029,3.213542021407343,0.0,9.55458471867006
security services *historic*,2025,2.9350693745870475,1.137197165597003,4.604865100603406
security services *historic*,2026,2.9343315899437665,0.9790293527178009,4.697303024236622
security services *historic*,2027,2.9335938053004873,0.8136971419020506,4.777960634305597
security services *historic*,2028,2.932856020657203,0.7007294947188101,4.858618244374572
security services *historic*,2029,2.932118236013923,0.607805444090441,4.931438825798153
retail dealer - food *historic*,2025,10.453505177254199,0.0,21.26895987984384
retail dealer - food *historic*,2026,9.983335755525662,0.0,21.237130427060197
retail dealer - food *historic*,2027,9.513166333797129,0.0,21.088190311900334
retail dealer - food *historic*,2028,9.042996912068604,0.0,20.95290069829044
retail dealer - food *historic*,2029,8.572827490340078,0.0,20.824598530157978
repair/ service/maintenance *historic*,2025,4.693279953641522,0.0,12.382762015667165
repair/ service/maintenance *historic*,2026,4.181466247398816,0.0,12.330158273744656
repair/ service/maintenance *historic*,2027,3.6696525411561227,0.0,12.33974958363821
repair/ service/maintenance *historic*,2028,3.1578388349134174,0.0,12.266699498222302
repair/ service/maintenance *historic*,2029,2.646025128670721,0.0,12.105685573751174
painter *historic*,2025,4.975912428792551,0.9017682195647753,8.612225657317756
painter *historic*,2026,4.870229425108953,0.4906884424692436,8.669889168709988
painter *historic*,2027,4.764546421425367,0.09617476266982415,8.747521768403956
painter *historic*,2028,4.658863417741769,0.0,8.817092446062732
painter *historic*,2029,4.553180414058165,0.0,8.895714294596367
office *historic*,2025,199.75373457044677,84.68686377867206,339.34427285077174
office *historic*,2026,204.69090852793738,84.67996079199003,350.1637398270456
office *historic*,2027,209.62808248542785,84.0264728206313,361.41239824612137
office *historic*,2028,214.56525644291858,84.66670568995546,373.0165595694127
office *historic*,2029,219.50243040040905,84.93926322705924,384.95081179297205
entertainment services *historic*,2025,9.016580511638614,4.89453559992313,12.97964282926456
entertainment services *historic*,2026,9.37502708612433,5.05948287809358,13.63297743106381
entertainment services *historic*,2027,9.733473660610056,5.224430156264001,14.243166348799972
entertainment services *historic*,2028,10.091920235095785,5.389377434434394,14.801308826564878
entertainment services *historic*,2029,10.450366809581514,5.573156340987123,15.395921295663765
late night dance event *historic*,2025,3.313530813208344,0.0,12.624999999999773
late night dance event *historic*,2026,3.4171459526362895,0.0,13.187499999999773
late night dance event *historic*,2027,3.520761092064237,0.0,13.749999999999773
late night dance event *historic*,2028,3.624376231492178,0.0,14.312499999999773
late night dance event *historic*,2029,3.727991370920119,0.0,14.874999999999773
plumber sprinkler & gas contractor *historic*,2025,0.15108415464929367,0.0,1.8122349659636725
plumber sprinkler & gas contractor *historic*,2026,0.02179914261060034,0.0,1.810287241148964
plumber sprinkler & gas contractor *historic*,2027,0.0,0.0,1.8056165771683022
plumber sprinkler & gas contractor *historic*,2028,0.0,0.0,1.8219448512551946
plumber sprinkler & gas contractor *historic*,2029,0.0,0.0,1.8232111904085795
health services *historic*,2025,50.34185339967668,13.346591717884502,99.31599287970697
health services *historic*,2026,52.16353626511049,13.51909786813483,103.92355655258852
health services *historic*,2027,53.98521913054432,13.672323027032721,108.53112022546827
health services *historic*,2028,55.80690199597811,13.825548185930613,113.13868389834889
health services *historic*,2029,57.62858486141192,14.024686885955331,117.36197822035297
computer services *historic*,2025,35.3018310203335,8.388908824870267,67.76157734742009
computer services *historic*,2026,36.89803305737051,8.557061739899975,71.0200030457451
computer services *historic*,2027,38.49423509440758,8.810920200522354,74.40745746206468
computer services *historic*,2028,40.09043713144464,9.02422574473097,78.11090110703579
computer services *historic*,2029,41.686639168481655,9.169081733638674,81.82164822284776
production company *historic*,2025,12.314730927660731,7.025753612356723,17.11533878800518
production company *historic*,2026,12.654898006155966,7.0915799860920465,17.681995559104724
production company *historic*,2027,12.995065084651202,7.14924486809159,18.282931547512913
production company *historic*,2028,13.335232163146433,7.181177651007444,18.937143689831466
production company *historic*,2029,13.67539924164168,7.267572838440206,19.555724038671876
pest control/exterminator *historic*,2025,1.94446680727768,0.0,7.336633663366342
pest control/exterminator *historic*,2026,1.9623057394786727,0.0,7.594059405940584
pest control/exterminator *historic*,2027,1.9801446716796631,0.0,7.851485148514826
pest control/exterminator *historic*,2028,1.9979836038806584,0.0,8.108910891089067
pest control/exterminator *historic*,2029,2.0158225360816493,0.0,8.366336633663309
referral services *historic*,2025,9.79799785161693,4.88491811009177,12.913539492669097
referral services *historic*,2026,10.108666521804807,5.004093113915804,13.375527027288689
referral services *historic*,2027,10.419335191992705,5.13214012281057,13.855253009589875
referral services *historic*,2028,10.73000386218059,5.272839096264134,14.3502793247477
referral services *historic*,2029,11.040672532368502,5.350876444829159,14.85907364875887
rentals *historic*,2025,4.2249443261804425,1.9954111643962409,6.668248894403691
rentals *historic*,2026,4.269117537703189,1.946597808435029,6.825567430310194
rentals *historic*,2027,4.313290749225949,1.841023687705718,6.990214900850147
rentals *historic*,2028,4.3574639607486985,1.7278003379661833,7.171934240550906
rentals *historic*,2029,4.401637172271458,1.6469246968100901,7.332606460995583
wholesale dealer - food *historic*,2025,4.759861810798343,1.6445119772688601,7.440480140017591
wholesale dealer - food *historic*,2026,4.798356212165886,1.4189024302575817,7.642804985175215
wholesale dealer - food *historic*,2027,4.8368506135334375,1.1948718245789962,7.843116966991003
wholesale dealer - food *historic*,2028,4.875345014900985,0.9708412189004677,8.045939725931161
wholesale dealer - food *historic*,2029,4.913839416268543,0.7468106132219121,8.23930700885479
sprinkler contractor *historic*,2025,5.250898414777887,0.0,13.598928571428576
sprinkler contractor *historic*,2026,5.266839361523141,0.0,14.023786272321376
sprinkler contractor *historic*,2027,5.282780308268375,0.0,14.517640904017846
sprinkler contractor *historic*,2028,5.298721255013633,0.0,15.011495535714255
sprinkler contractor *historic*,2029,5.314662201758878,0.0,15.505350167410665
apartment house *historic*,2025,41.457386968683565,1.2217738515030834,91.41162214514237
apartment house *historic*,2026,42.3230768508891,0.0,95.12774122067242
apartment house *historic*,2027,43.18876673309466,0.0,98.88675506226892
apartment house *historic*,2028,44.054456615300126,0.0,102.45039977166479
apartment house *historic*,2029,44.92014649750563,0.0,106.34403923803423
personal services *historic*,2025,9.712983219733783,5.350783793298605,15.3580356314769
personal services *historic*,2026,9.846124282288446,5.197169772834651,15.756434049195727
personal services *historic*,2027,9.979265344843101,5.0177693785949655,16.15642712658581
personal services *historic*,2028,10.112406407397765,4.862896265459149,16.55642020397595
personal services *historic*,2029,10.24554746995243,4.720748968126752,16.956413281366032
therapeutic touch technique *historic*,2025,2.716117375527364,0.5368336790726161,6.06494685591506
therapeutic touch technique *historic*,2026,2.7415928884187175,0.4059888067148443,6.281509646184008
therapeutic touch technique *historic*,2027,2.767068401310073,0.29358044691301616,6.481167020660883
therapeutic touch technique *historic*,2028,2.7925439142014294,0.15856154696701458,6.680824395137757
therapeutic touch technique *historic*,2029,2.8180194270927803,0.023542647020983104,6.8831057255175265
massage therapist *historic*,2025,11.312255954791581,6.369260117020665,15.271010696354551
massage therapist *historic*,2026,11.5687273973951,6.234112626770894,15.721300500259668
massage therapist *historic*,2027,11.825198839998619,6.1798167698089035,16.138999630216265
massage therapist *historic*,2028,12.081670282602147,6.189203613542983,16.55669876017281
massage therapist *historic*,2029,12.338141725205656,6.212071000565163,16.974397890129467
marine services *historic*,2025,0.8186835636924232,0.0,1.0
marine services *historic*,2026,0.7956259195322726,0.0,1.0
marine services *historic*,2027,0.7725682753721216,0.0,1.0
marine services *historic*,2028,0.7495106312119698,0.0,1.0
marine services *historic*,2029,0.7264529870518196,0.0,1.0
artist *historic*,2025,1.2396570500925936,0.0,2.056818181818187
artist *historic*,2026,1.2303168923104755,0.0,2.1086395202020216
artist *historic*,2027,1.2209767345283584,0.0,2.160231523464063
artist *historic*,2028,1.2116365767462403,0.0,2.216404374577576
artist *historic*,2029,1.202296418964123,0.0,2.2779958463135968
plumber & sprinkler contractor *historic*,2025,1.5519632875393818,0.0,3.5005805370587906
plumber & sprinkler contractor *historic*,2026,1.5306684057199276,0.0,3.5924567455573264
plumber & sprinkler contractor *historic*,2027,1.5093735239004777,0.0,3.679800971482967
plumber & sprinkler contractor *historic*,2028,1.4880786420810255,0.0,3.76658937301737
plumber & sprinkler contractor *historic*,2029,1.4667837602615732,0.0,3.8654106155388552
window cleaner *historic*,2025,0.7575480621862781,0.37782648880894526,0.9896519659936214
window cleaner *historic*,2026,0.717235879825737,0.31792316147081967,0.9811537702329246
window cleaner *historic*,2027,0.6769236974651955,0.2554193471972955,0.9759968416896947
window cleaner *historic*,2028,0.6366115151046535,0.1894436963894034,0.9708399131464648
window cleaner *historic*,2029,0.5962993327441135,0.12346804558149638,0.9656829846032348
locksmith *historic*,2025,1.3067083143999045,0.0,6.501537698412707
locksmith *historic*,2026,1.2624170272753938,0.0,6.776041666666698
locksmith *historic*,2027,1.2181257401508825,0.0,7.050545634920635
locksmith *historic*,2028,1.1738344530263665,0.0,7.325049603174626
locksmith *historic*,2029,1.1295431659018578,0.0,7.569677419354887
educational *historic*,2025,12.189723237630297,3.7958624680090938,18.642581372278965
educational *historic*,2026,12.76665473795772,3.9201886235136985,19.59783815176912
educational *historic*,2027,13.343586238285166,4.04451477901833,20.58257351379038
educational *historic*,2028,13.920517738612585,4.170623971062229,21.57468006032725
educational *historic*,2029,14.497449238940023,4.302711371839746,22.561217843881266
auto repairs *historic*,2025,0.0,0.0,1.8467860848409938
auto repairs *historic*,2026,0.0,0.0,1.844955136450312
auto repairs *historic*,2027,0.0,0.0,1.8468858583971604
auto repairs *historic*,2028,0.0,0.0,1.8593586428706554
auto repairs *historic*,2029,0.0,0.0,1.8682255315331504
manufacturer *historic*,2025,4.632925902641296,0.0,32.733045826591784
manufacturer *historic*,2026,4.136642374711823,0.0,33.49978364763623
manufacturer *historic*,2027,3.640358846782345,0.0,34.27003035391374
manufacturer *historic*,2028,3.14407531885288,0.0,35.04027706019113
manufacturer *historic*,2029,2.6477917909234066,0.0,35.810523766468535
homecraft *historic*,2025,8.241281432812118,1.8645681191487196,15.038580810235466
homecraft *historic*,2026,8.489590687185608,1.8023245184752907,15.577202563786617
homecraft *historic*,2027,8.737899941559109,1.7405936247414986,16.06396397628906
homecraft *historic*,2028,8.986209195932602,1.7192915749430833,16.55072538879162
homecraft *historic*,2029,9.234518450306105,1.6022640646234672,17.140504912081006
power/ pressure washing *historic*,2025,0.7885061660863866,0.0,1.0633820531476523
power/ pressure washing *historic*,2026,0.763108499660034,0.0,1.0509720362053476
power/ pressure washing *historic*,2027,0.7377108332336795,0.0,1.039626013871451
power/ pressure washing *historic*,2028,0.7123131668073257,0.0,1.0319041638121322
power/ pressure washing *historic*,2029,0.6869155003809706,0.0,1.0281104894572568
secondary suite - permanent *historic*,2025,62.003861276830044,37.870701588759445,97.40725840998107
secondary suite - permanent *historic*,2026,64.2800860095733,38.58793797805104,101.16910648822842
secondary suite - permanent *historic*,2027,66.55631074231657,39.32685435507405,105.53859451678036
secondary suite - permanent *historic*,2028,68.83253547505983,40.17613187364225,109.41036229815305
secondary suite - permanent *historic*,2029,71.1087602078031,41.230537740875796,113.28213007952621
photographer *historic*,2025,5.170402512352158,2.6061147034818672,8.276533068724198
photographer *historic*,2026,5.226387876325761,2.471015556549092,8.455180780130382
photographer *historic*,2027,5.282373240299356,2.3597363412756907,8.625563201111968
photographer *historic*,2028,5.338358604272952,2.240131061400586,8.79794340847987
photographer *historic*,2029,5.394343968246552,2.124406410030257,8.970738847129299
cosmetologist *historic*,2025,7.1830384878237075,0.0,16.346224039835842
cosmetologist *historic*,2026,7.081477328418795,0.0,16.807656690735215
cosmetologist *historic*,2027,6.979916169013892,0.0,17.176157080741643
cosmetologist *historic*,2028,6.878355009608984,0.0,17.699060644738307
cosmetologist *historic*,2029,6.776793850204067,0.0,18.284496247811994
animal services *historic*,2025,0.5778717816014862,0.07208598490453327,1.0
animal services *historic*,2026,0.5087718006593678,0.0,1.0
animal services *historic*,2027,0.4396718197172488,0.0,1.0
animal services *historic*,2028,0.3705718387751284,0.0,1.0
animal services *historic*,2029,0.3014718578330094,0.0,1.0
real estate dealer *historic*,2025,4.933397902308223,0.0,13.36074919967196
real estate dealer *historic*,2026,4.66852811051024,0.0,14.09979668997036
real estate dealer *historic*,2027,4.403658318712257,0.0,14.770413530044276
real estate dealer *historic*,2028,4.138788526914269,0.0,15.038545419411172
real estate dealer *historic*,2029,3.8739187351162827,0.0,15.306677308778006
employment agency *historic*,2025,4.913874479060506,1.1320270759360573,8.679649802729616
employment agency *historic*,2026,5.07436998497496,1.1245269679929695,9.006851856941534
employment agency *historic*,2027,5.234865490889421,1.1170268600498818,9.363794179417535
employment agency *historic*,2028,5.395360996803884,1.1095267521067957,9.741340737674884
employment agency *historic*,2029,5.555856502718329,1.0953461308332384,10.097120704630976
multiple dwelling *historic*,2025,7.972454390846526,1.4135008696934943,14.52600360129455
multiple dwelling *historic*,2026,8.206711135028725,1.3560215033397889,15.050650929797476
multiple dwelling *historic*,2027,8.440967879210923,1.2961023851076163,15.582996284312355
multiple dwelling *historic*,2028,8.675224623393119,1.231529959278646,16.127291129081428
multiple dwelling *historic*,2029,8.90948136757532,1.1669575334496756,16.671585973850494
restaurant class 1 *historic*,2025,45.87815930858572,16.865814535210564,71.10953367796247
restaurant class 1 *historic*,2026,46.61994192778259,15.241765704584253,74.87885444450716
restaurant class 1 *historic*,2027,47.36172454697943,14.7063288301181,76.62009393068811
restaurant class 1 *historic*,2028,48.10350716617623,13.582672790366162,78.37706833514217
restaurant class 1 *historic*,2029,48.84528978537312,12.079733802618636,80.32277055715464
telecommunications *historic*,2025,1.9649427781590687,0.26406250000002274,5.616740088105757
telecommunications *historic*,2026,1.9726750242442848,0.11562500000002274,5.784140969162991
telecommunications *historic*,2027,1.9804072703295026,0.0,5.951541850220281
telecommunications *historic*,2028,1.9881395164147184,0.0,6.118942731277514
telecommunications *historic*,2029,1.9958717624999394,0.0,6.286343612334804
secondhand dealer *historic*,2025,7.942862982690878,1.7384276207612601,25.210130640445982
secondhand dealer *historic*,2026,8.023442484037,1.3936225353004592,26.032971492349134
secondhand dealer *historic*,2027,8.104021985383117,1.0748854840044406,26.85581234425234
secondhand dealer *historic*,2028,8.184601486729237,0.7296093870026941,27.67865319615549
secondhand dealer *historic*,2029,8.26518098807535,0.3843332900008935,28.501494048058696
warehouse operator - non-food,2025,6.228149141850048,2.368795737242629,10.080791092468393
warehouse operator - non-food,2026,6.429849415059062,2.394294137248147,10.648149997955457
warehouse operator - non-food,2027,6.631549688268058,2.390839438775758,11.105835559417285
warehouse operator - non-food,2028,6.833249961477058,2.387026950381908,11.465510527482364
warehouse operator - non-food,2029,7.034950234686065,2.380955142865523,11.825185495547556
residential/commercial *historic*,2025,12.47227953160121,3.346773588698775,24.791986182393156
residential/commercial *historic*,2026,12.85191617146579,2.399258053267397,25.99118979846451
residential/commercial *historic*,2027,13.231552811330342,0.8827017322299875,27.053699673558132
residential/commercial *historic*,2028,13.61118945119492,0.0,28.111110219681958
residential/commercial *historic*,2029,13.990826091059493,0.0,28.991509123848434
adult entertainment store *historic*,2025,2.10427173803201,1.0,2.388650963597428
adult entertainment store *historic*,2026,2.150077209206526,1.0,2.4539614561027747
adult entertainment store *historic*,2027,2.1958826803810423,1.0,2.5190947666195314
adult entertainment store *historic*,2028,2.241688151555559,1.0,2.5841584158415856
adult entertainment store *historic*,2029,2.2874936227300786,1.0,2.649222065063668
travel agent *historic*,2025,7.673232895802244,2.1659182435233393,14.019867133476374
travel agent *historic*,2026,7.634497864065467,1.569530787505548,14.388276952265652
travel agent *historic*,2027,7.5957628323286865,1.2252939176533517,14.758312850806023
travel agent *historic*,2028,7.557027800591912,0.46749413440593923,15.128348749346396
travel agent *historic*,2029,7.518292768855124,0.0,15.487663092465002
tattoo parlour *historic*,2025,5.900050202044579,2.6856687025486874,8.802628029504815
tattoo parlour *historic*,2026,6.114259892403175,2.7388133182552012,9.160194942044306
tattoo parlour *historic*,2027,6.328469582761747,2.7981643755626022,9.513900634249406
tattoo parlour *historic*,2028,6.542679273120339,2.857632557624145,9.890031960975952
tattoo parlour *historic*,2029,6.756888963478914,2.909840309052339,10.19675933912178
studio *historic*,2025,4.716849099881301,0.611269564065384,17.75703195436996
studio *historic*,2026,4.754284665062393,0.3902718271891601,18.358570120244185
studio *historic*,2027,4.791720230243476,0.1692554803998434,18.9601082861183
studio *historic*,2028,4.8291557954245645,0.0,19.56164645199264
studio *historic*,2029,4.8665913606056455,0.0,20.163184617866754
private school or college,2025,6.6044066356821585,0.4586507072905306,15.424643567639071
private school or college,2026,6.718583821702937,0.2714907508160991,16.254987763932245
private school or college,2027,6.832761007723713,0.006661645847018102,16.728326809743436
private school or college,2028,6.946938193744486,0.0,17.281170008011483
private school or college,2029,7.061115379765257,0.0,18.3200055352425
non-profit housing *historic*,2025,3.4000304167482556,0.398373983739873,9.16395663956638
non-profit housing *historic*,2026,3.4055608640385393,0.16666666666662877,9.414634146341427
non-profit housing *historic*,2027,3.4110913113288324,0.0,9.75
non-profit housing *historic*,2028,3.4166217586191197,0.0,10.166666666666629
non-profit housing *historic*,2029,3.422152205909409,0.0,10.583333333333371
apartment house strata *historic*,2025,62.54097768025215,10.388758676382597,124.24870748272636
apartment house strata *historic*,2026,65.10972668333224,10.548089642539276,129.45212739120217
apartment house strata *historic*,2027,67.67847568641231,10.953270626509632,135.41310281027262
apartment house strata *historic*,2028,70.24722468949238,11.351670960674449,140.88879997840118
apartment house strata *historic*,2029,72.81597369257258,11.750071294839433,146.32250083577463
printing services *historic*,2025,6.644287826942206,1.5658805577829358,11.789966669641801
printing services *historic*,2026,6.590947932641903,0.7966206416766569,12.075828043788679
printing services *historic*,2027,6.537608038341614,0.02610845516413182,12.361689417935612
printing services *historic*,2028,6.484268144041321,0.0,12.651476955713116
printing services *historic*,2029,6.430928249741021,0.0,12.843909035431615
manufacturer - food *historic*,2025,4.786061214185293,0.0,33.978024081452034
manufacturer - food *historic*,2026,4.685515890972198,0.0,35.29366949682536
manufacturer - food *historic*,2027,4.584970567759105,0.0,36.60931491219821
manufacturer - food *historic*,2028,4.484425244546013,0.0,37.924960327571554
manufacturer - food *historic*,2029,4.38387992133292,0.0,39.24060574294488
laboratory services,2025,9.31314312446747,1.0,17.918644819134038
laboratory services,2026,9.761875174969513,1.0,18.673895075895057
laboratory services,2027,10.210607225471545,1.0,19.429145332656077
laboratory services,2028,10.659339275973602,1.0,20.184395589417093
laboratory services,2029,11.108071326475638,1.0,21.084019703768778
auto detailing *historic*,2025,0.6703770609572485,0.021276595744666338,2.5195799457994603
auto detailing *historic*,2026,0.5174894650255929,0.0,2.4824561403508785
auto detailing *historic*,2027,0.36460186909393394,0.0,2.49122807017544
auto detailing *historic*,2028,0.211714273162274,0.0,2.4999999999999982
auto detailing *historic*,2029,0.05882667723061964,0.0,2.50877192982456
pre-1956 dwelling *historic*,2025,10.052560842972733,4.155983788938334,19.282095144034137
pre-1956 dwelling *historic*,2026,10.535616990831551,4.212550607287454,20.170208437577024
pre-1956 dwelling *historic*,2027,11.018673138690378,4.261133603238861,21.968992248062023
pre-1956 dwelling *historic*,2028,11.501729286549216,4.315185829959511,23.281369790081982
pre-1956 dwelling *historic*,2029,11.984785434408078,4.368249116275899,25.16853513842382
money services *historic*,2025,0.7309121263734505,0.0,2.4569320557067686
money services *historic*,2026,0.4702049328856031,0.0,2.424820143884883
money services *historic*,2027,0.2094977393977556,0.0,2.326752134672916
money services *historic*,2028,0.0,0.0,2.2245688082321573
money services *historic*,2029,0.0,0.0,2.127115211521141
hotel or motel,2025,18.31095063275657,6.598069816135782,42.01613869863094
hotel or motel,2026,19.51256727807087,6.628235459004886,47.21624824438145
hotel or motel,2027,20.714183923385217,6.582928920032761,52.20191362359513
hotel or motel,2028,21.915800568699535,6.863280406796263,57.01084838572062
hotel or motel,2029,23.117417214013887,6.981132075471705,61.71968425544034
temp liquor licence amendment,2025,8.168060698907912,0.0,18.88857581967223
temp liquor licence amendment,2026,7.960570982102632,0.0,19.25110515622814
temp liquor licence amendment,2027,7.7530812652973475,0.0,19.67416018901464
temp liquor licence amendment,2028,7.545591548492062,0.0,20.14808917197456
temp liquor licence amendment,2029,7.338101831686794,0.0,20.819267515923684
beauty services *historic*,2025,3.3518721858685945,0.8086875707605288,7.818316686251498
beauty services *historic*,2026,3.3702531365565993,0.6821921567507729,8.090066980023547
beauty services *historic*,2027,3.3886340872445992,0.5674052176512789,8.358910470806961
beauty services *historic*,2028,3.407015037932599,0.46934865900382416,8.617233316682757
beauty services *historic*,2029,3.4253959886206027,0.39728401928068074,8.874085377263196
jeweller *historic*,2025,2.9976325641988257,1.0,4.631578947368553
jeweller *historic*,2026,3.207876671377001,1.0,5.184210526315837
jeweller *historic*,2027,3.4181207785552026,1.0,5.736842105263122
jeweller *historic*,2028,3.6283648857333914,1.0,6.289473684210634
jeweller *historic*,2029,3.838608992911573,1.0,6.842105263157919
food processing *historic*,2025,1.606693794703328,1.0,3.9526143790850363
food processing *historic*,2026,1.6407795959562788,1.0,4.331801470588232
food processing *historic*,2027,1.6748653972092271,1.0,4.710294117647052
food processing *historic*,2028,1.7089511984621764,1.0,5.088786764705873
food processing *historic*,2029,1.7430369997151272,1.0,5.464285714285666
esl instruction *historic*,2025,5.706417109033207,1.618459178638014,11.840229153405517
esl instruction *historic*,2026,5.809243372739283,1.5000405197938371,12.244807906200181
esl instruction *historic*,2027,5.912069636445373,1.3816218609496738,12.650329028589782
esl instruction *historic*,2028,6.01489590015145,1.263203202105497,13.055850150979328
esl instruction *historic*,2029,6.117722163857534,1.1329584488545088,13.46137127336899
gasoline station *historic*,2025,3.9427416914704683,1.8157336088028597,6.723339822626031
gasoline station *historic*,2026,3.9304699000425627,1.645144426564957,6.92083062946142
gasoline station *historic*,2027,3.9181981086146522,1.4601932495212424,7.094649650039348
gasoline station *historic*,2028,3.9059263171867493,1.276563644204319,7.305953332896713
gasoline station *historic*,2029,3.893654525758846,1.072008120989176,7.517673222679001
retail dealer - grocery *historic*,2025,3.907729836222219,2.4791064863350556,5.65573770491801
retail dealer - grocery *historic*,2026,4.053633093819691,2.548182857233626,5.877049180327845
retail dealer - grocery *historic*,2027,4.199536351417173,2.617259228132197,6.098360655737679
retail dealer - grocery *historic*,2028,4.345439609014653,2.6863355990307674,6.319672131147513
retail dealer - grocery *historic*,2029,4.491342866612129,2.755411969929323,6.540983606557347
artist live/work studio *historic*,2025,2.1799923704543467,0.17727710980916106,4.9789224004937305
artist live/work studio *historic*,2026,2.2065835032479906,0.055920603796610666,5.213806979171443
artist live/work studio *historic*,2027,2.233174636041631,0.0,5.405073839271508
artist live/work studio *historic*,2028,2.2597657688352752,0.0,5.602792403241158
artist live/work studio *historic*,2029,2.2863569016289143,0.0,5.802959560914122
auto painter & body shop *historic*,2025,0.0,0.0,0.8859170305676802
auto painter & body shop *historic*,2026,0.0,0.0,0.8713973799126589
auto painter & body shop *historic*,2027,0.0,0.0,0.8584437086092653
auto painter & body shop *historic*,2028,0.0,0.0,0.8458609271523115
auto painter & body shop *historic*,2029,0.0,0.0,0.8332781456953576
postal rental agency *historic*,2025,3.8762401049598867,0.4144368946587719,7.281236032981452
postal rental agency *historic*,2026,3.901181955941207,0.22179668685783593,7.557393703277929
postal rental agency *historic*,2027,3.92612380692252,0.06594755342816264,7.863167644643225
postal rental agency *historic*,2028,3.951065657903843,0.0,8.099189198781474
postal rental agency *historic*,2029,3.9760075088851576,0.0,8.27747744200595
school (business & trade) *historic*,2025,0.0,0.0,0.12307692307689777
school (business & trade) *historic*,2026,0.0,0.0,0.0
school (business & trade) *historic*,2027,0.0,0.0,0.0
school (business & trade) *historic*,2028,0.0,0.0,0.0
school (business & trade) *historic*,2029,0.0,0.0,0.0
fitness centre,2025,15.02593515437419,2.7201559138693794,28.100208666162654
fitness centre,2026,15.793247452553501,2.6340631051114114,29.630218457253477
fitness centre,2027,16.5605597507328,2.565824897319375,32.01377427244094
fitness centre,2028,17.327872048912067,2.4975866895273384,34.4547455446671
fitness centre,2029,18.09518434709138,2.3227563052735185,36.97213629972664
financial institution *historic*,2025,14.613539693780845,6.632797436611909,24.618549999999864
financial institution *historic*,2026,14.922746387627656,6.3447910281415565,25.964099999999988
financial institution *historic*,2027,15.231953081474419,5.9821001156799385,27.53018571428563
financial institution *historic*,2028,15.541159775321214,5.611717057524496,29.13020000000002
financial institution *historic*,2029,15.850366469167977,5.241333999369113,30.735499999999885
photo services *historic*,2025,0.3602815105322282,0.0,2.0
photo services *historic*,2026,0.2188786206280621,0.0,2.0
photo services *historic*,2027,0.0774757307238948,0.0,2.0
photo services *historic*,2028,0.0,0.0,2.0
photo services *historic*,2029,0.0,0.0,2.0
physical therapist *historic*,2025,13.059695595670854,3.7667444436810573,22.54469565770417
physical therapist *historic*,2026,13.574683455702589,3.5886132207343473,23.62524342700368
physical therapist *historic*,2027,14.089671315734334,3.3853529773140143,25.004122340425237
physical therapist *historic*,2028,14.604659175766102,3.182092733893652,26.294919129173735
physical therapist *historic*,2029,15.119647035797867,2.978832490473292,27.3835035317326
rooming house *historic*,2025,1.394667961952997,1.0,2.182044887780563
rooming house *historic*,2026,1.4056812346223546,1.0,2.243142144638412
rooming house *historic*,2027,1.4166945072917145,1.0,2.3042394014962753
rooming house *historic*,2028,1.427707779961074,1.0,2.375
rooming house *historic*,2029,1.4387210526304302,1.0,2.4375
venue *historic*,2025,2.9841668842758335,2.538461538461547,3.650417130144612
venue *historic*,2026,3.093850758939253,2.6153846153846416,3.871516963292538
venue *historic*,2027,3.2035346336026747,2.6923076923077076,4.092616796440491
venue *historic*,2028,3.3132185082660968,2.7692307692307736,4.315732758620682
venue *historic*,2029,3.4229023829295144,2.846153846153868,4.539655172413776
liquor retail store *historic*,2025,3.4840207416331537,0.0,7.93740535490045
liquor retail store *historic*,2026,3.509163269037727,0.0,8.200202091136067
liquor retail store *historic*,2027,3.534305796442309,0.0,8.492602697354684
liquor retail store *historic*,2028,3.5594483238468864,0.0,8.756157309796102
liquor retail store *historic*,2029,3.584590851251471,0.0,9.069810452806122
short-term rental operator,2025,96.44110158879033,0.0,308.06793478260204
short-term rental operator,2026,85.82139394633826,0.0,340.068085528398
short-term rental operator,2027,75.20168630388648,0.0,377.2478478260842
short-term rental operator,2028,64.58197866143419,0.0,414.02173913043225
short-term rental operator,2029,53.962271018982605,0.0,453.04524303857744
liquor establishment extended  *historic*,2025,1.6875910197450021,0.0,3.0465116279069804
liquor establishment extended  *historic*,2026,1.5372694542909398,0.0,3.3333333333333712
liquor establishment extended  *historic*,2027,1.3869478888368918,0.0,3.6666666666667425
liquor establishment extended  *historic*,2028,1.2366263233828396,0.0,4.0
liquor establishment extended  *historic*,2029,1.0863047579287903,0.0,4.0
